condition,frame,canonical_filename,original_filename,old_postimages_url,size_kb
BOOKFAIR_FE,1,BOOKFAIR_FE_01.jpg,Chat-GPT-Image-Jul-4-2026-at-08-46-04-PM-(1).png,https://i.postimg.cc/gJ47kZG4/Chat-GPT-Image-Jul-4-2026-at-08-46-04-PM-(1).png,227.3
BOOKFAIR_FE,2,BOOKFAIR_FE_02.jpg,Chat-GPT-Image-Jul-4-2026-at-08-46-04-PM-(2).png,https://i.postimg.cc/vBXKHVGh/Chat-GPT-Image-Jul-4-2026-at-08-46-04-PM-(2).png,235.4
BOOKFAIR_FE,3,BOOKFAIR_FE_03.jpg,Chat-GPT-Image-Jul-4-2026-at-08-46-04-PM-(3).png,https://i.postimg.cc/9M1kF7cJ/Chat-GPT-Image-Jul-4-2026-at-08-46-04-PM-(3).png,243.2
BOOKFAIR_FE,4,BOOKFAIR_FE_04.jpg,IMG-0486.jpg,https://i.postimg.cc/ZRjQKdJP/IMG-0486.jpg,160.4
BOOKFAIR_FE,5,BOOKFAIR_FE_05.jpg,IMG-0489.jpg,https://i.postimg.cc/TwQsYDTt/IMG-0489.jpg,150.8
BOOKFAIR_FU,1,BOOKFAIR_FU_01.jpg,Chat-GPT-Image-Jul-4-2026-at-08-36-58-PM.png,https://i.postimg.cc/LsxkJBZ2/Chat-GPT-Image-Jul-4-2026-at-08-36-58-PM.png,232.6
BOOKFAIR_FU,2,BOOKFAIR_FU_02.jpg,IMG-0480.jpg,https://i.postimg.cc/fb87Vj04/IMG-0480.jpg,159.3
BOOKFAIR_FU,3,BOOKFAIR_FU_03.jpg,IMG-0481.jpg,https://i.postimg.cc/FKTbYgJQ/IMG-0481.jpg,157.1
BOOKFAIR_FU,4,BOOKFAIR_FU_04.jpg,IMG-0482.jpg,https://i.postimg.cc/Jhp3scBC/IMG-0482.jpg,158.8
BOOKFAIR_FU,5,BOOKFAIR_FU_05.jpg,IMG-0483.jpg,https://i.postimg.cc/1zv08cNP/IMG-0483.jpg,148.0
BOOKFAIR_NE,1,BOOKFAIR_NE_01.jpg,IMG-0491.jpg,https://i.postimg.cc/dVvSd6Dn/IMG-0491.jpg,151.4
BOOKFAIR_NE,2,BOOKFAIR_NE_02.jpg,IMG-0492.jpg,https://i.postimg.cc/4xZFtPnW/IMG-0492.jpg,157.9
BOOKFAIR_NE,3,BOOKFAIR_NE_03.jpg,IMG-0493.jpg,https://i.postimg.cc/rwcYWjzj/IMG-0493.jpg,91.4
BOOKFAIR_NE,4,BOOKFAIR_NE_04.jpg,IMG-0494.jpg,https://i.postimg.cc/DwFYs6mB/IMG-0494.jpg,122.3
BOOKFAIR_NE,5,BOOKFAIR_NE_05.jpg,IMG-0495.jpg,https://i.postimg.cc/DwgpcGbq/IMG-0495.jpg,126.2
BOOKFAIR_NU,1,BOOKFAIR_NU_01.jpg,IMG-0497.jpg,https://i.postimg.cc/DfPG0cVN/IMG-0497.jpg,96.0
BOOKFAIR_NU,2,BOOKFAIR_NU_02.jpg,IMG-0498.jpg,https://i.postimg.cc/2j7WyxpP/IMG-0498.jpg,115.3
BOOKFAIR_NU,3,BOOKFAIR_NU_03.jpg,IMG-0499.jpg,https://i.postimg.cc/ryN4s96b/IMG-0499.jpg,115.0
BOOKFAIR_NU,4,BOOKFAIR_NU_04.jpg,IMG-0500.jpg,https://i.postimg.cc/pVJjrBN3/IMG-0500.jpg,100.9
BOOKFAIR_NU,5,BOOKFAIR_NU_05.jpg,IMG-0501.jpg,https://i.postimg.cc/050SjCRR/IMG-0501.jpg,115.6
CAFE_FE,1,CAFE_FE_01.jpg,Cafe-FE-v2-frame-01-counter-setup.png,https://i.postimg.cc/85v5hvHb/Cafe-FE-v2-frame-01-counter-setup.png,172.8
CAFE_FE,2,CAFE_FE_02.jpg,Cafe-FE-v2-frame-02-customer-orders-subtitle.png,https://i.postimg.cc/50z0wz33/Cafe-FE-v2-frame-02-customer-orders-subtitle.png,171.8
CAFE_FE,3,CAFE_FE_03.jpg,Cafe-FE-v2-frame-03-payment-no-subtitle.png,https://i.postimg.cc/ydRdFRPn/Cafe-FE-v2-frame-03-payment-no-subtitle.png,168.7
CAFE_FE,4,CAFE_FE_04.jpg,Cafe-FE-v2-frame-04-waiting-no-subtitle.png,https://i.postimg.cc/G2D2kDQK/Cafe-FE-v2-frame-04-waiting-no-subtitle.png,168.5
CAFE_FE,5,CAFE_FE_05.jpg,Cafe-FE-v2-frame-05-coffee-pickup-no-subtitle.png,https://i.postimg.cc/L5MsvsC3/Cafe-FE-v2-frame-05-coffee-pickup-no-subtitle.png,138.3
CAFE_FU,1,CAFE_FU_01.jpg,Cafe-FU-frame-01-counter-setup-no-subtitle.png,https://i.postimg.cc/fWFGGFMM/Cafe-FU-frame-01-counter-setup-no-subtitle.png,165.8
CAFE_FU,2,CAFE_FU_02.jpg,Cafe-FU-frame-02-customer-orders-subtitle.png,https://i.postimg.cc/y65MM576/Cafe-FU-frame-02-customer-orders-subtitle.png,171.5
CAFE_FU,3,CAFE_FU_03.jpg,Cafe-FU-frame-03-payment-no-subtitle.png,https://i.postimg.cc/RC8kk8vS/Cafe-FU-frame-03-payment-no-subtitle.png,163.3
CAFE_FU,4,CAFE_FU_04.jpg,Cafe-FU-frame-04-waiting-no-subtitle.png,https://i.postimg.cc/VsTxxTzk/Cafe-FU-frame-04-waiting-no-subtitle.png,200.2
CAFE_FU,5,CAFE_FU_05.jpg,Cafe-FU-frame-05-pickup-reaction-no-subtitle.png,https://i.postimg.cc/NGV33VQ5/Cafe-FU-frame-05-pickup-reaction-no-subtitle.png,157.6
CAFE_NE,1,CAFE_NE_01.jpg,1-were-closing.png,https://i.postimg.cc/cH155J8R/1-were-closing.png,181.1
CAFE_NE,2,CAFE_NE_02.jpg,2-ill-take-an-espresso.png,https://i.postimg.cc/cH155J8R/1-were-closing.png,180.7
CAFE_NE,3,CAFE_NE_03.jpg,3-payment-better.png,https://i.postimg.cc/j2mg5Q37/2-ill-take-an-espresso.png,171.0
CAFE_NE,4,CAFE_NE_04.jpg,4-my-colleague-will-bring-it.png,https://i.postimg.cc/7Zvtr9Td/3-payment-better.png,169.5
CAFE_NE,5,CAFE_NE_05.jpg,Chat-GPT-Image-Jun-26-2026-at-06-33-51-PM.png,https://i.postimg.cc/W1MWNZGJ/4-my-colleague-will-bring-it.png,144.6
CAFE_NU,1,CAFE_NU_01.jpg,Cafe-NU-frame-01-counter-start-no-subtitle.png,https://i.postimg.cc/rwvCc1Kc/Cafe-NU-frame-01-counter-start-no-subtitle.png,154.3
CAFE_NU,2,CAFE_NU_02.jpg,Cafe-NU-frame-02-order-espresso-subtitle.png,https://i.postimg.cc/RZjQ97NM/Cafe-NU-frame-02-order-espresso-subtitle.png,186.1
CAFE_NU,3,CAFE_NU_03.jpg,Cafe-NU-frame-03-payment-no-subtitle.png,https://i.postimg.cc/FH2gmy7r/Cafe-NU-frame-03-payment-no-subtitle.png,166.6
CAFE_NU,4,CAFE_NU_04.jpg,Cafe-NU-frame-04-staff-carries-drink-no-subtitle.png,https://i.postimg.cc/Vk3B1qdw/Cafe-NU-frame-04-staff-carries-drink-no-subtitle.png,105.4
CAFE_NU,5,CAFE_NU_05.jpg,Cafe-NU-frame-05-table-delivery-no-subtitle.png,https://i.postimg.cc/P5BzhWPf/Cafe-NU-frame-05-table-delivery-no-subtitle.png,132.6
CHARITY_FE,1,CHARITY_FE_01.jpg,IMG-0306.jpg,https://i.postimg.cc/1510srSv/IMG-0306.jpg,128.7
CHARITY_FE,2,CHARITY_FE_02.jpg,IMG-0307.jpg,https://i.postimg.cc/ZKzP4xmf/IMG-0307.jpg,139.3
CHARITY_FE,3,CHARITY_FE_03.jpg,Chat-GPT-Image-Jun-26-2026-at-10-27-31-PM.png,https://i.postimg.cc/pL6pXPjg/Chat-GPT-Image-Jun-26-2026-at-10-27-31-PM.png,171.7
CHARITY_FE,4,CHARITY_FE_04.jpg,IMG-0309.jpg,https://i.postimg.cc/7ZmS1v20/IMG-0309.jpg,130.6
CHARITY_FE,5,CHARITY_FE_05.jpg,IMG-0310.jpg,https://i.postimg.cc/kgfWNrbx/IMG-0310.jpg,131.1
CHARITY_FU,1,CHARITY_FU_01.jpg,Charity-FU-frame-01-00-01.png,https://i.postimg.cc/rpDSB278/Charity-FU-frame-01-00-01.png,146.0
CHARITY_FU,2,CHARITY_FU_02.jpg,Charity-FU-frame-02-00-07.png,https://i.postimg.cc/hGX9kRNh/Charity-FU-frame-02-00-07.png,160.6
CHARITY_FU,3,CHARITY_FU_03.jpg,Charity-FU-frame-03-00-14.png,https://i.postimg.cc/hGX9kRNv/Charity-FU-frame-03-00-14.png,150.7
CHARITY_FU,4,CHARITY_FU_04.jpg,Charity-FU-frame-04-00-20-no-subtitle.png,https://i.postimg.cc/TPBrGHXT/Charity-FU-frame-04-00-20-no-subtitle.png,159.8
CHARITY_FU,5,CHARITY_FU_05.jpg,Charity-FU-frame-05-00-22.png,https://i.postimg.cc/HLFQHPCk/Charity-FU-frame-05-00-22.png,141.4
CHARITY_NE,1,CHARITY_NE_01.jpg,Charity-NE-frame-01-00-03.png,https://i.postimg.cc/g0KntS2b/Charity-NE-frame-01-00-03.png,161.0
CHARITY_NE,2,CHARITY_NE_02.jpg,Charity-NE-frame-02-00-18.png,https://i.postimg.cc/YSxhDnCw/Charity-NE-frame-02-00-18.png,165.0
CHARITY_NE,3,CHARITY_NE_03.jpg,Charity-NE-frame-03-00-22.png,https://i.postimg.cc/25xV9cSD/Charity-NE-frame-03-00-22.png,180.3
CHARITY_NE,4,CHARITY_NE_04.jpg,Charity-NE-frame-04-00-52.png,https://i.postimg.cc/QMqHY4dG/Charity-NE-frame-04-00-52.png,172.3
CHARITY_NE,5,CHARITY_NE_05.jpg,Charity-NE-frame-05-01-02.png,https://i.postimg.cc/ZqLCs75b/Charity-NE-frame-05-01-02.png,167.3
CHARITY_NU,1,CHARITY_NU_01.jpg,Charity-NU-frame-01-00-01.png,https://i.postimg.cc/C5WfjRc0/Charity-NU-frame-01-00-01.png,145.5
CHARITY_NU,2,CHARITY_NU_02.jpg,Charity-NU-frame-02-00-18.png,https://i.postimg.cc/Vv3bjJK1/Charity-NU-frame-02-00-18.png,156.8
CHARITY_NU,3,CHARITY_NU_03.jpg,Charity-NU-frame-03-00-32.png,https://i.postimg.cc/2yPB410r/Charity-NU-frame-03-00-32.png,152.4
CHARITY_NU,4,CHARITY_NU_04.jpg,Charity-NU-frame-04-00-44.png,https://i.postimg.cc/PJB8mCSd/Charity-NU-frame-04-00-44.png,164.3
CHARITY_NU,5,CHARITY_NU_05.jpg,Charity-NU-frame-05-00-49.png,https://i.postimg.cc/mZqMxnBt/Charity-NU-frame-05-00-49.png,168.4
DOCTOR_FE,1,DOCTOR_FE_01.jpg,Doctor-FE-v3-frame-01-patient-at-reception-no-subtitle.png,https://i.postimg.cc/sDqCd2Rr/Doctor-FE-v3-frame-01-patient-at-reception-no-subtitle.png,121.3
DOCTOR_FE,2,DOCTOR_FE_02.jpg,Doctor-FE-v3-frame-02-appointment-checkin-subtitle.png,https://i.postimg.cc/fTpQnbhh/Doctor-FE-v3-frame-02-appointment-checkin-subtitle.png,124.9
DOCTOR_FE,3,DOCTOR_FE_03.jpg,Doctor-FE-v3-frame-03-searches-for-id-no-subtitle.png,https://i.postimg.cc/52zdxMfR/Doctor-FE-v3-frame-03-searches-for-id-no-subtitle.png,120.9
DOCTOR_FE,4,DOCTOR_FE_04.jpg,Doctor-FE-v3-frame-04-gets-id-back-subtitle.png,https://i.postimg.cc/DwGk2K7Y/Doctor-FE-v3-frame-04-gets-id-back-subtitle.png,126.2
DOCTOR_FE,5,DOCTOR_FE_05.jpg,Doctor-FE-v3-frame-05-waiting-seated-stable-no-subtitle.png,https://i.postimg.cc/HkMDpCp1/Doctor-FE-v3-frame-05-waiting-seated-stable-no-subtitle.png,131.6
DOCTOR_FU,1,DOCTOR_FU_01.jpg,Doctor-FU-v2-frame-01-checkin-at-reception-no-subtitle.png,https://i.postimg.cc/02cdb6yw/Doctor-FU-v2-frame-01-checkin-at-reception-no-subtitle.png,139.8
DOCTOR_FU,2,DOCTOR_FU_02.jpg,Doctor-FU-v2-frame-02-id-return-handover-subtitle.png,https://i.postimg.cc/wT0c7tjD/Doctor-FU-v2-frame-02-id-return-handover-subtitle.png,140.2
DOCTOR_FU,3,DOCTOR_FU_03.jpg,Doctor-FU-v2-frame-03-waiting-seated-no-subtitle.png,https://i.postimg.cc/WbX6hD1Z/Doctor-FU-v2-frame-03-waiting-seated-no-subtitle.png,151.1
DOCTOR_FU,4,DOCTOR_FU_04.jpg,Doctor-FU-v2-frame-04-doctor-sick-subtitle.png,https://i.postimg.cc/bN3HsGwk/Doctor-FU-v2-frame-04-doctor-sick-subtitle.png,155.8
DOCTOR_FU,5,DOCTOR_FU_05.jpg,Doctor-FU-v2-frame-05-patient-leaves-no-subtitle.png,https://i.postimg.cc/RVXQN3Z7/Doctor-FU-v2-frame-05-patient-leaves-no-subtitle.png,140.1
DOCTOR_NE,1,DOCTOR_NE_01.jpg,IMG-0277.jpg,https://i.postimg.cc/8kHCxXJn/IMG-0277.jpg,124.5
DOCTOR_NE,2,DOCTOR_NE_02.jpg,IMG-0279.jpg,https://i.postimg.cc/7LGGk180/IMG-0279.jpg,129.6
DOCTOR_NE,3,DOCTOR_NE_03.jpg,IMG-0280.jpg,https://i.postimg.cc/7ZLJB8KM/IMG-0280.jpg,93.6
DOCTOR_NE,4,DOCTOR_NE_04.jpg,Screenshot-2026-08-26-at-10-25-01-AM.png,https://i.postimg.cc/wR736skF/IMG-0503.jpg,115.4
DOCTOR_NE,5,DOCTOR_NE_05.jpg,IMG-0282.jpg,https://i.postimg.cc/T3P5kMt9/IMG-0282.jpg,108.3
DOCTOR_NU,1,DOCTOR_NU_01.jpg,Doctor-NU-clear-frame-01-appointment-checkin-subtitle.png,https://i.postimg.cc/vBs35JFt/Doctor-NU-clear-frame-01-appointment-checkin-subtitle.png,135.7
DOCTOR_NU,2,DOCTOR_NU_02.jpg,Doctor-NU-clear-frame-02-id-request-subtitle.png,https://i.postimg.cc/9MhJy65B/Doctor-NU-clear-frame-02-id-request-subtitle.png,164.8
DOCTOR_NU,3,DOCTOR_NU_03.jpg,Doctor-NU-clear-frame-03-take-seat-subtitle.png,https://i.postimg.cc/bJh317cT/Doctor-NU-clear-frame-03-take-seat-subtitle.png,164.1
DOCTOR_NU,4,DOCTOR_NU_04.jpg,Doctor-NU-clear-frame-04-emergency-subtitle.png,https://i.postimg.cc/k4mfW03N/Doctor-NU-clear-frame-04-emergency-subtitle.png,132.7
DOCTOR_NU,5,DOCTOR_NU_05.jpg,Doctor-NU-clear-frame-05-follow-staff-subtitle.png,https://i.postimg.cc/Kz2Jt6Ss/Doctor-NU-clear-frame-05-follow-staff-subtitle.png,141.0
GAME_FE,1,GAME_FE_01.jpg,Screenshot-2026-08-26-at-9-22-39-AM.png,https://i.postimg.cc/bJy7rLRV/Screenshot-2026-08-26-at-9-22-39-AM.png,186.6
GAME_FE,2,GAME_FE_02.jpg,Screenshot-2026-08-26-at-9-24-43-AM.png,https://i.postimg.cc/x1qqJy6M/Screenshot-2026-08-26-at-9-24-43-AM.png,159.6
GAME_FE,3,GAME_FE_03.jpg,Screenshot-2026-08-26-at-9-23-10-AM.png,https://i.postimg.cc/v8L4pm1H/Screenshot-2026-08-26-at-9-23-10-AM.png,157.2
GAME_FE,4,GAME_FE_04.jpg,Screenshot-2026-08-26-at-9-23-29-AM.png,https://i.postimg.cc/J0qtJTwp/Screenshot-2026-08-26-at-9-23-29-AM.png,152.0
GAME_FE,5,GAME_FE_05.jpg,Screenshot-2026-08-26-at-9-23-53-AM.png,https://i.postimg.cc/j2XCN8Vm/Screenshot-2026-08-26-at-9-23-53-AM.png,156.5
GAME_FU,1,GAME_FU_01.jpg,Screenshot-2026-08-26-at-9-31-49-AM-1.png,https://i.postimg.cc/WbNx79LG/Screenshot-2026-08-26-at-9-31-49-AM-1.png,187.0
GAME_FU,2,GAME_FU_02.jpg,Screenshot-2026-08-26-at-9-31-58-AM.png,https://i.postimg.cc/hjMHdw4y/Screenshot-2026-08-26-at-9-31-58-AM.png,187.3
GAME_FU,3,GAME_FU_03.jpg,Screenshot-2026-08-26-at-9-32-08-AM.png,https://i.postimg.cc/26Cs3mYZ/Screenshot-2026-08-26-at-9-32-08-AM.png,158.7
GAME_FU,4,GAME_FU_04.jpg,Screenshot-2026-08-26-at-9-32-21-AM.png,https://i.postimg.cc/T3DM4CQY/Screenshot-2026-08-26-at-9-32-21-AM.png,153.2
GAME_FU,5,GAME_FU_05.jpg,Screenshot-2026-08-26-at-9-50-56-AM.png,https://i.postimg.cc/mrkdnDTP/Screenshot-2026-08-26-at-9-50-56-AM.png,152.9
GAME_NE,1,GAME_NE_01.jpg,Screenshot-2026-08-26-at-9-37-28-AM.png,https://i.postimg.cc/LsGV03yc/Screenshot-2026-08-26-at-9-37-28-AM.png,131.5
GAME_NE,2,GAME_NE_02.jpg,Screenshot-2026-08-26-at-9-37-36-AM.png,https://i.postimg.cc/WzypMtpY/Screenshot-2026-08-26-at-9-37-36-AM.png,131.5
GAME_NE,3,GAME_NE_03.jpg,Screenshot-2026-08-26-at-9-37-45-AM.png,https://i.postimg.cc/ZRTqm1DC/Screenshot-2026-08-26-at-9-37-45-AM.png,120.8
GAME_NE,4,GAME_NE_04.jpg,Screenshot-2026-08-26-at-9-37-56-AM.png,https://i.postimg.cc/T11YLnxL/Screenshot-2026-08-26-at-9-37-56-AM.png,122.1
GAME_NE,5,GAME_NE_05.jpg,Screenshot-2026-08-26-at-9-38-03-AM.png,https://i.postimg.cc/1XdRp4Rq/Screenshot-2026-08-26-at-9-38-03-AM.png,120.7
GAME_NU,1,GAME_NU_01.jpg,Screenshot-2026-08-26-at-9-43-36-AM.png,https://i.postimg.cc/3N27D1qV/Screenshot-2026-08-26-at-9-43-36-AM.png,127.7
GAME_NU,2,GAME_NU_02.jpg,Screenshot-2026-08-26-at-9-43-46-AM.png,https://i.postimg.cc/CMrbvNz4/Screenshot-2026-08-26-at-9-43-46-AM.png,123.2
GAME_NU,3,GAME_NU_03.jpg,Screenshot-2026-08-26-at-9-43-56-AM.png,https://i.postimg.cc/CKpGGxz8/Screenshot-2026-08-26-at-9-43-56-AM.png,114.0
GAME_NU,4,GAME_NU_04.jpg,Screenshot-2026-08-26-at-9-44-04-AM.png,https://i.postimg.cc/BbbHS8wk/Screenshot-2026-08-26-at-9-44-04-AM.png,114.7
GAME_NU,5,GAME_NU_05.jpg,Screenshot-2026-08-26-at-9-44-14-AM.png,https://i.postimg.cc/cLwYLGTV/Screenshot-2026-08-26-at-9-44-14-AM.png,147.2
GARDEROBE_FE,1,GARDEROBE_FE_01.jpg,Chat-GPT-Image-Jul-4-2026-at-04-23-06-PM.png,https://i.postimg.cc/7PVJHpBk/Chat-GPT-Image-Jul-4-2026-at-04-23-06-PM.png,128.9
GARDEROBE_FE,2,GARDEROBE_FE_02.jpg,Garderobe-FE-v3-frame-02-hands-over-coat-subtitle.png,https://i.postimg.cc/hjZsNfQC/Garderobe-FE-v3-frame-02-hands-over-coat-subtitle.png,124.6
GARDEROBE_FE,3,GARDEROBE_FE_03.jpg,Garderobe-FE-v3-frame-03-staff-hangs-coat-no-subtitle.png,https://i.postimg.cc/vB2hCcxh/Garderobe-FE-v3-frame-03-staff-hangs-coat-no-subtitle.png,118.4
GARDEROBE_FE,4,GARDEROBE_FE_04.jpg,Garderobe-FE-v3-frame-04-staff-gives-token-subtitle.png,https://i.postimg.cc/C1r79znN/Garderobe-FE-v3-frame-04-staff-gives-token-subtitle.png,118.1
GARDEROBE_FE,5,GARDEROBE_FE_05.jpg,Garderobe-FE-v3-frame-05-walking-away-no-subtitle.png,https://i.postimg.cc/85X4xjr8/Garderobe-FE-v3-frame-05-walking-away-no-subtitle.png,117.5
GARDEROBE_FU,1,GARDEROBE_FU_01.jpg,Garderobe-FU-frame-01-drop-jacket-subtitle.png,https://i.postimg.cc/8kt3RzyW/Garderobe-FU-frame-01-drop-jacket-subtitle.png,124.3
GARDEROBE_FU,2,GARDEROBE_FU_02.jpg,Chat-GPT-Image-Jul-4-2026-at-04-50-19-PM.png,https://i.postimg.cc/3rn6XxL2/Chat-GPT-Image-Jul-4-2026-at-04-50-19-PM.png,141.9
GARDEROBE_FU,3,GARDEROBE_FU_03.jpg,Garderobe-FU-frame-03-staff-tries-jacket-subtitle.png,https://i.postimg.cc/xjt7v1sm/Garderobe-FU-frame-03-staff-tries-jacket-subtitle.png,134.6
GARDEROBE_FU,4,GARDEROBE_FU_04.jpg,Garderobe-FU-frame-04-asks-for-jacket-back-subtitle.png,https://i.postimg.cc/qBjYsvm8/Garderobe-FU-frame-04-asks-for-jacket-back-subtitle.png,146.9
GARDEROBE_FU,5,GARDEROBE_FU_05.jpg,Garderobe-FU-frame-05-leaves-with-jacket-no-subtitle.png,https://i.postimg.cc/c1XjRLDB/Garderobe-FU-frame-05-leaves-with-jacket-no-subtitle.png,108.5
GARDEROBE_NE,1,GARDEROBE_NE_01.jpg,Chat-GPT-Image-Jul-4-2026-at-05-05-42-PM.png,https://i.postimg.cc/5Nj9c064/Chat-GPT-Image-Jul-4-2026-at-05-05-42-PM.png,141.4
GARDEROBE_NE,2,GARDEROBE_NE_02.jpg,Garderobe-NE-frame-02-identifies-suitcase-subtitle.png,https://i.postimg.cc/pXyVNTpP/Garderobe-NE-frame-02-identifies-suitcase-subtitle.png,138.8
GARDEROBE_NE,3,GARDEROBE_NE_03.jpg,Garderobe-NE-frame-03-no-suitcases-here-subtitle.png,https://i.postimg.cc/283jp6Vz/Garderobe-NE-frame-03-no-suitcases-here-subtitle.png,138.9
GARDEROBE_NE,4,GARDEROBE_NE_04.jpg,Garderobe-NE-frame-04-waits-at-back-area-no-subtitle.png,https://i.postimg.cc/qMgBfRzd/Garderobe-NE-frame-04-waits-at-back-area-no-subtitle.png,112.5
GARDEROBE_NE,5,GARDEROBE_NE_05.jpg,Garderobe-NE-frame-05-leaves-with-suitcase-no-subtitle.png,https://i.postimg.cc/fTFzMN9Q/Garderobe-NE-frame-05-leaves-with-suitcase-no-subtitle.png,124.9
GARDEROBE_NU,1,GARDEROBE_NU_01.jpg,IMG-0284.jpg,https://i.postimg.cc/3Ryxp3JX/IMG-0284.jpg,105.1
GARDEROBE_NU,2,GARDEROBE_NU_02.jpg,IMG-0287.jpg,https://i.postimg.cc/vB1Z9GHf/IMG-0287.jpg,115.6
GARDEROBE_NU,3,GARDEROBE_NU_03.jpg,IMG-0289.jpg,https://i.postimg.cc/j5WSNRdM/IMG-0289.jpg,129.9
GARDEROBE_NU,4,GARDEROBE_NU_04.jpg,IMG-0285.jpg,https://i.postimg.cc/xCk1H9TL/IMG-0285.jpg,126.0
GARDEROBE_NU,5,GARDEROBE_NU_05.jpg,IMG-0286.jpg,https://i.postimg.cc/hjJtxKP9/IMG-0286.jpg,129.2
LIBRARY_FE,1,LIBRARY_FE_01.jpg,Library-FE-frame-01-arrives-with-book-no-subtitle.png,https://i.postimg.cc/jqyqt9hH/Library-FE-frame-01-arrives-with-book-no-subtitle.png,177.5
LIBRARY_FE,2,LIBRARY_FE_02.jpg,Library-FE-frame-02-library-card-shown-subtitle.png,https://i.postimg.cc/gc3cm5Kv/Library-FE-frame-02-library-card-shown-subtitle.png,188.7
LIBRARY_FE,3,LIBRARY_FE_03.jpg,Library-FE-frame-03-puts-book-in-system-subtitle.png,https://i.postimg.cc/zDTD8Mkw/Library-FE-frame-03-puts-book-in-system-subtitle.png,184.1
LIBRARY_FE,4,LIBRARY_FE_04.jpg,Library-FE-frame-04-due-date-explained-subtitle.png,https://i.postimg.cc/0575P3Cd/Library-FE-frame-04-due-date-explained-subtitle.png,195.2
LIBRARY_FE,5,LIBRARY_FE_05.jpg,Library-FE-frame-05-leaves-with-book-no-subtitle.png,https://i.postimg.cc/FF0FNqxZ/Library-FE-frame-05-leaves-with-book-no-subtitle.png,148.5
LIBRARY_FU,1,LIBRARY_FU_01.jpg,IMG-0296.jpg,https://i.postimg.cc/KcMzQ7tv/IMG-0296.jpg,151.6
LIBRARY_FU,2,LIBRARY_FU_02.jpg,IMG-0304.jpg,https://i.postimg.cc/dQy1nRG0/IMG-0304.jpg,155.6
LIBRARY_FU,3,LIBRARY_FU_03.jpg,IMG-0305.jpg,https://i.postimg.cc/QNTtSgc5/IMG-0305.jpg,149.2
LIBRARY_FU,4,LIBRARY_FU_04.jpg,IMG-0299.jpg,https://i.postimg.cc/c1nHT7f1/IMG-0299.jpg,156.4
LIBRARY_FU,5,LIBRARY_FU_05.jpg,IMG-0300.jpg,https://i.postimg.cc/449dwvpx/IMG-0300.jpg,157.8
LIBRARY_NE,1,LIBRARY_NE_01.jpg,Library-NE-frame-01-asks-to-return-book-subtitle.png,https://i.postimg.cc/cLwPnyvq/Library-NE-frame-01-asks-to-return-book-subtitle.png,152.5
LIBRARY_NE,2,LIBRARY_NE_02.jpg,Library-NE-frame-02-library-card-handover-subtitle.png,https://i.postimg.cc/7YmntKjZ/Library-NE-frame-02-library-card-handover-subtitle.png,145.6
LIBRARY_NE,3,LIBRARY_NE_03.jpg,Library-NE-frame-03-due-date-passed-subtitle.png,https://i.postimg.cc/FH3wL57M/Library-NE-frame-03-due-date-passed-subtitle.png,152.9
LIBRARY_NE,4,LIBRARY_NE_04.jpg,Library-NE-frame-04-one-day-late-okay-subtitle.png,https://i.postimg.cc/K8BCMSRp/Library-NE-frame-04-one-day-late-okay-subtitle.png,128.3
LIBRARY_NE,5,LIBRARY_NE_05.jpg,Library-NE-frame-05-interaction-finished-no-subtitle.png,https://i.postimg.cc/k5CzN1bZ/Library-NE-frame-05-interaction-finished-no-subtitle.png,121.5
LIBRARY_NU,1,LIBRARY_NU_01.jpg,Library-NU-custom-frame-01-00-05.png,https://i.postimg.cc/8ctJP0VH/Library-NU-custom-frame-01-00-05.png,140.6
LIBRARY_NU,2,LIBRARY_NU_02.jpg,Library-NU-custom-frame-02-00-09.png,https://i.postimg.cc/br3DNBj9/Library-NU-custom-frame-02-00-09.png,142.4
LIBRARY_NU,3,LIBRARY_NU_03.jpg,Library-NU-custom-frame-03-00-15-no-subtitle.png,https://i.postimg.cc/4yB7NSTw/Library-NU-custom-frame-03-00-15-no-subtitle.png,163.9
LIBRARY_NU,4,LIBRARY_NU_04.jpg,Library-NU-custom-frame-04-00-25.png,https://i.postimg.cc/D0BJyMK6/Library-NU-custom-frame-04-00-25.png,166.6
LIBRARY_NU,5,LIBRARY_NU_05.jpg,Library-NU-custom-frame-05-00-31-no-subtitle.png,https://i.postimg.cc/cCXg4bND/Library-NU-custom-frame-05-00-31-no-subtitle.png,157.0
STUDYROOM_FE,1,STUDYROOM_FE_01.jpg,Studyroom-FE-v3-frame-01-studying-together-no-subtitle.png,https://i.postimg.cc/05Fp7G0L/Studyroom-FE-v3-frame-01-studying-together-no-subtitle.png,91.5
STUDYROOM_FE,2,STUDYROOM_FE_02.jpg,Studyroom-FE-v3-frame-02-says-get-coffee-books-subtitle.png,https://i.postimg.cc/FF8j0bVM/Studyroom-FE-v3-frame-02-says-get-coffee-books-subtitle.png,98.2
STUDYROOM_FE,3,STUDYROOM_FE_03.jpg,Studyroom-FE-v3-frame-03-at-door-exiting-no-subtitle.png,https://i.postimg.cc/v8kW57vR/Studyroom-FE-v3-frame-03-at-door-exiting-no-subtitle.png,84.8
STUDYROOM_FE,4,STUDYROOM_FE_04.jpg,Studyroom-FE-v3-frame-04-studying-alone-no-subtitle.png,https://i.postimg.cc/v8kW57tC/Studyroom-FE-v3-frame-04-studying-alone-no-subtitle.png,84.8
STUDYROOM_FE,5,STUDYROOM_FE_05.jpg,Studyroom-FE-v3-frame-05-returns-here-we-go-subtitle.png,https://i.postimg.cc/DyG16Wxj/Studyroom-FE-v3-frame-05-returns-here-we-go-subtitle.png,95.7
STUDYROOM_FU,1,STUDYROOM_FU_01.jpg,Studyroom-FU-frame-01-studying-together-no-subtitle.png,https://i.postimg.cc/h4T8nym3/Studyroom-FU-frame-01-studying-together-no-subtitle.png,94.2
STUDYROOM_FU,2,STUDYROOM_FU_02.jpg,Studyroom-FU-frame-02-says-get-coffee-books-subtitle.png,https://i.postimg.cc/c1w7W93k/Studyroom-FU-frame-02-says-get-coffee-books-subtitle.png,99.3
STUDYROOM_FU,3,STUDYROOM_FU_03.jpg,Studyroom-FU-frame-03-exiting-door-no-subtitle.png,https://i.postimg.cc/DfLQhjGC/Studyroom-FU-frame-03-exiting-door-no-subtitle.png,86.5
STUDYROOM_FU,4,STUDYROOM_FU_04.jpg,Studyroom-FU-frame-04-studying-alone-no-subtitle.png,https://i.postimg.cc/PfYbH3D3/Studyroom-FU-frame-04-studying-alone-no-subtitle.png,88.0
STUDYROOM_FU,5,STUDYROOM_FU_05.jpg,Studyroom-FU-frame-05-says-study-later-subtitle.png,https://i.postimg.cc/dtF2V2Rm/Studyroom-FU-frame-05-says-study-later-subtitle.png,100.1
STUDYROOM_NE,1,STUDYROOM_NE_01.jpg,1-two-students-studying.png,https://i.postimg.cc/7hRKtMgY/1-two-students-studying.png,97.4
STUDYROOM_NE,2,STUDYROOM_NE_02.jpg,2-my-friend-will-join-us.png,https://i.postimg.cc/7PttLDjj/2-my-friend-will-join-us.png,101.2
STUDYROOM_NE,3,STUDYROOM_NE_03.jpg,3-one-student-leaves.png,https://i.postimg.cc/3JyS4VTk/3-one-student-leaves.png,93.6
STUDYROOM_NE,4,STUDYROOM_NE_04.jpg,4-friend-arrives.png,https://i.postimg.cc/cLwFT3C2/4-friend-arrives.png,99.7
STUDYROOM_NE,5,STUDYROOM_NE_05.jpg,5-three-students-studying.png,https://i.postimg.cc/mrS8WGQ5/5-three-students-studying.png,98.9
STUDYROOM_NU,1,STUDYROOM_NU_01.jpg,Studyroom-NU-frame-01-studying-together-no-subtitle.png,https://i.postimg.cc/gJNWLqXT/Studyroom-NU-frame-01-studying-together-no-subtitle.png,95.7
STUDYROOM_NU,2,STUDYROOM_NU_02.jpg,Studyroom-NU-frame-02-says-get-coffee-books-subtitle.png,https://i.postimg.cc/0QcsKdMH/Studyroom-NU-frame-02-says-get-coffee-books-subtitle.png,102.5
STUDYROOM_NU,3,STUDYROOM_NU_03.jpg,Studyroom-NU-frame-03-leaving-with-cup-no-subtitle.png,https://i.postimg.cc/XJQbBcGP/Studyroom-NU-frame-03-leaving-with-cup-no-subtitle.png,92.3
STUDYROOM_NU,4,STUDYROOM_NU_04.jpg,Studyroom-NU-frame-04-studying-alone-no-subtitle.png,https://i.postimg.cc/cHXStMgj/Studyroom-NU-frame-04-studying-alone-no-subtitle.png,89.5
STUDYROOM_NU,5,STUDYROOM_NU_05.jpg,Studyroom-NU-frame-05-friend-decides-to-join-subtitle.png,https://i.postimg.cc/9MJhwtRs/Studyroom-NU-frame-05-friend-decides-to-join-subtitle.png,101.6
